"question","what is chatgpt"
"answer","
ChatGPT is a large language model developed by OpenAI that uses deep learning techniques to generate human-like text. It is trained on a massive dataset of conversational text, and is designed to be able to understand and respond to a wide range of topics and questions. ChatGPT can be used for a variety of tasks, including chatbots, text completion, and language translation."
"question","Thank you"
"answer","

You're welcome! Is there anything else I can assist you with?"
+"question","Hello"
"answer","

Hello! How are you?"
"question","How are you?"
"answer","

I am an AI, so I do not have the ability to feel emotions. Is there something specific you would like help with?"
"question","what is Kubernetes?"
"answer","

Kubernetes is an open-source container orchestration system for automating the deployment, scaling, and management of containerized applications. It provides a platform-agnostic way to manage and scale containerized applications, making it easier to deploy, operate, and scale them in a cloud-native environment. Kubernetes was originally developed by Google and is now maintained by the Cloud Native Computing Foundation (CNCF). It has become a popular choice for managing containerized workloads in production environments."

"question","Hello"
"answer",",

I am writing to you to inquire about the availability of a room in your hotel. I am planning to stay in your hotel for a few days and would like to know if you have any rooms available.

I am looking for a room with a double bed, a private bathroom, and a balcony. I would also like to know if there are any additional amenities such as a swimming pool, gym, or restaurant.

I look forward to hearing from you soon.

Thank you,

[Your Name]"
"question","what is chatgpt"
"answer","

ChatGPT is a natural language processing (NLP) chatbot developed by Microsoft. It is a deep learning-based chatbot that uses a large-scale pre-trained language model to generate responses to user queries. It is designed to provide a conversational experience that is both natural and engaging."
"question","Thank you"
"answer"," for your help

You're welcome!"
"question","How are you?"
"answer","

I'm doing well, thank you. How about you?"
"question","salut"
"answer","

Salut! Comment allez-vous?"
"question","1 1"
"answer","

2 2

3 3

4 4

5 5

6 6

7 7

8 8

9 9

10 10"
"question","salut"
"answer","

Salut! Comment allez-vous?"
"question","salut"
"answer","

Salut! Comment allez-vous?"
"question","tell me what is ai"
"answer","

AI (Artificial Intelligence) is a branch of computer science that focuses on creating intelligent machines that can think and act like humans. AI systems are designed to learn from their environment and experiences, and can be used to solve complex problems. AI is used in a variety of applications, including robotics, natural language processing, computer vision, and machine learning."
"question","tell me what is reconnaissance faciale"
"answer","

Facial recognition is a biometric technology that uses facial features to identify individuals. It is used in a variety of applications, including security, marketing, and law enforcement. It works by comparing facial features from an image or video to a database of known faces. The technology can be used to identify people in real-time or to search for matches in a database."
"question","donnez moi la meuilleure application de la reconnaissance faciale"
"answer","

La meilleure application de reconnaissance faciale est FaceApp. FaceApp est une application mobile qui permet aux utilisateurs de modifier leurs photos en appliquant des filtres et des effets spéciaux. Elle offre également une fonctionnalité de reconnaissance faciale qui permet aux utilisateurs de reconnaître des visages sur des photos et de les identifier. FaceApp est disponible pour iOS et Android et est très populaire auprès des utilisateurs."
"question","définition de la reconnaissance faciale"
"answer","

La reconnaissance faciale est une technologie qui permet à un système informatique de reconnaître une personne à partir de ses caractéristiques faciales. Elle est généralement utilisée pour l'authentification et la vérification d'identité, et peut être utilisée pour des applications telles que la sécurité des systèmes, la surveillance des foules et la détection des visages. La reconnaissance faciale est basée sur des algorithmes qui analysent les caractéristiques faciales d'une personne, telles que la forme du visage, la taille des yeux, la taille du nez et la forme des lèvres. Ces caractéristiques sont ensuite comparées à des images stockées dans une base de données pour identifier la personne."
"question","salut"
"answer","

Salut! Comment allez-vous?"
